{"type":"Topology","transform":{"scale":[0.00003451950659782006,0.000029345140483218433],"translate":[120.73962,22.47717]},"arcs":[[[12331,13343],[-41,-78],[-21,-73],[29,-34],[40,-8],[-21,-109],[-77,-142],[61,-35],[166,-70],[79,14],[58,45],[64,23],[7,-67],[71,-70],[45,25],[61,25],[49,-1],[46,8],[53,22],[77,-83],[23,-15],[-28,-127],[-44,-40],[-34,-100],[-2,-96],[30,-113],[64,-35],[43,-35],[7,-86],[21,-52],[45,-44],[-13,-68],[-79,-22],[-61,-24],[-69,-41],[-59,-23],[-5,-50],[29,-56],[-30,-65],[-6,-65],[68,12],[46,44],[99,14],[10,-23],[22,-14],[47,-74],[4,-66],[15,-57],[-7,-11],[9,-67],[43,-118],[8,-49],[23,-58],[10,-104],[14,-58],[-2,-53],[-6,-23],[-25,-37],[-42,-44],[-30,-54],[-48,-58],[-27,10],[-24,25],[-30,-2],[-44,13],[-37,-13],[-45,-32],[-33,-41],[-35,-23],[-21,-24],[-46,-98],[-27,-66],[-30,-129],[-14,-49],[-1,-125],[3,-35],[-26,-38],[-47,7],[-40,-21],[1,-32],[24,-38],[8,-37],[-47,-38],[54,-11],[36,47],[19,-3],[-32,-63],[0,-34],[-15,-51],[-34,-77],[-70,45],[-67,28],[-68,47],[-30,26],[-140,79],[-10,13],[-56,8],[-80,92],[-66,40],[-16,-2],[-32,22],[-60,67],[-59,52],[-69,90],[-15,27],[-34,90],[-2,16],[-59,-33],[-92,-45],[-89,-74],[7,-63],[-38,-82],[-42,-51],[-54,-85],[-75,66],[-17,23],[-20,-19],[-49,-65],[-32,31],[-62,49],[-71,41],[-79,32],[-37,22],[-60,14],[-75,-7],[-48,11],[-46,32],[-14,22],[-40,14],[-62,-87],[2,-11],[-31,-49],[-41,-49],[-37,-4],[-20,-43],[-6,-32],[-22,-40],[-49,-35],[-51,-46],[-44,-26],[3,-29],[-9,-55],[-23,-46],[-39,-94],[-55,14],[-86,35],[-36,23],[-67,60],[-50,33],[-75,36],[-41,0],[-71,-12],[-8,-56],[-22,-85],[-31,-136],[-57,-197],[-55,-204],[16,-17],[47,-26],[34,-38],[42,-35],[28,-40],[57,-61],[29,-15],[58,-20],[64,-28],[68,-13],[71,-43],[62,-69],[39,-80],[21,-63],[38,-76],[50,-116],[58,-85],[45,-71],[31,-65],[31,-75],[13,-42],[24,-109],[13,-35],[43,-49],[-1,-13],[-44,-38],[-24,-2],[-34,-17],[-44,-10],[-12,-11],[-76,-11],[-118,-43],[-53,-26],[-75,-61],[-140,-71],[-71,-40],[-53,-39],[-46,-27],[-41,-40],[-144,-122],[-39,-25],[-46,-48],[-16,-10],[-55,53],[-44,48],[-53,44],[-65,44],[-108,65],[-72,34],[-61,-4],[-51,18],[-56,55],[-82,48],[-42,12],[-109,-2],[-47,16],[0,21],[-49,7],[-58,21],[-26,20],[-19,60],[-88,-55],[-121,-71],[-128,-16],[-58,2],[-74,-8],[-89,12],[-76,4],[-72,41],[-36,1],[-30,-50],[-65,-91],[-80,37],[-66,-2],[-31,-41],[-70,17],[-2,-52],[9,-84],[-22,-45],[-70,19],[0,-58]],[[7347,7335],[-7,-50],[8,-86],[-15,-85],[-68,-83],[-55,-79],[-39,-31],[-51,60],[-92,-14],[-28,-48],[-3,-48],[-117,-18],[-68,-37],[-64,-20],[-78,-33],[-57,-41],[-71,-38],[-143,-15],[-46,7],[-85,-90],[-33,-57],[-60,-10],[-65,7],[-44,-49],[-49,-31],[-70,-35],[-26,-19],[-22,-48],[-27,-40],[-51,-46],[-19,-41],[-30,-30],[-75,42],[-41,-43],[-37,-29],[-60,-23],[-66,7],[-52,-41],[-50,-5],[-54,7],[-57,-35],[-17,-47],[-17,-28],[-92,-20],[-23,-34],[-23,2],[-24,46],[-20,67],[-28,-1],[-27,-36],[-46,-36],[-45,-18],[-43,4],[-59,26],[-36,10],[-32,-9],[-6,-31],[-51,-11],[-67,39],[-96,18],[-37,-5],[-40,-42],[-37,-9],[-58,4],[-36,27],[-29,-28],[-29,-48],[-41,-30],[-79,12],[-74,81],[-58,85],[-112,25],[-63,-29],[-48,40],[-59,98],[-32,5],[-38,-7],[-61,0],[30,68],[-8,78],[-69,8],[-70,1],[-66,37],[-76,17],[-56,-35],[-7,-70],[-42,-88],[-8,-40],[-48,6],[-11,-5],[-11,-53],[-21,-13],[-76,18],[-59,-19],[-14,1],[-48,27],[-59,23],[-40,-6],[-65,-61],[-27,-15],[-60,0],[-93,37],[-107,63],[-75,11],[-49,29],[-8,27],[8,52],[-11,42],[-26,40],[-26,3],[-99,-31],[-67,16],[-30,2],[-73,-28],[-29,-3],[-49,39],[-44,15],[-46,-13],[-31,11],[-43,76],[-59,39],[-21,1],[-36,-17],[-45,6],[-58,18],[-54,30],[-59,38],[-37,30],[-82,37]],[[1337,6636],[125,227],[27,36],[58,101],[-6,89],[-33,80],[-15,65],[-1,51],[176,-97],[277,10],[133,111],[178,-18],[59,156],[169,6],[64,55],[269,-17],[0,133],[65,100],[-2,84],[11,15],[83,39],[-1,53],[159,273],[221,-12],[68,-100],[74,26],[59,24],[111,6],[62,-18],[44,-5],[95,23],[45,-1],[94,-18],[34,-10],[40,7],[166,181],[80,237],[15,49],[56,76],[24,77],[42,100],[15,91],[8,192],[19,78],[42,152],[25,73],[-7,77],[-20,59],[18,86],[15,106],[-40,99],[14,60],[100,43],[16,76],[51,48],[19,32],[6,68],[-9,64]],[[4734,10234],[18,34],[10,-45],[59,20],[61,38],[55,45],[54,56],[23,15],[25,-7],[73,-68],[45,-34],[63,76],[30,51],[91,3],[79,27],[42,59],[78,16],[42,46],[-12,38],[-47,40],[13,47],[36,25],[71,-10],[160,20],[72,11],[-4,82],[11,90],[43,80],[49,35],[62,-44],[45,-56],[51,-43],[48,-28],[89,-26],[7,90],[24,73],[18,23],[113,28],[44,36],[55,54],[58,4],[61,39],[51,38],[49,57],[40,56],[25,74],[48,102],[58,81],[56,73],[157,197],[30,71],[56,110],[40,56],[33,69],[44,83],[57,19],[83,-6],[89,18],[169,-33],[77,-4],[92,-45],[79,13],[120,109],[63,63],[57,24],[98,21],[78,0],[86,68],[80,40],[101,19],[78,2],[97,50],[49,64],[82,60],[47,83],[21,49],[89,39],[20,73],[60,28],[105,6],[91,13],[82,36],[96,8],[44,68],[24,108],[40,96],[18,93],[3,94],[44,19],[104,82],[62,72],[22,123],[7,117],[16,118],[17,77],[-5,57],[28,120],[20,-49],[24,-21],[82,-58],[69,-42],[49,-51],[68,-52],[72,-21],[167,-10],[53,-22],[50,-9],[76,27],[47,-2],[80,-23],[53,-25],[77,-16],[78,4],[55,11],[78,-21],[74,-34],[59,3],[86,-26],[74,11],[62,22],[67,-8],[71,-29],[54,-38],[55,-43],[84,-54],[46,-23],[18,-81],[-23,-63],[39,-57],[107,-45],[67,-61],[96,24],[48,-37],[43,-40]],[[13171,15635],[-91,60],[-33,7],[-76,4],[-65,-21],[-53,-36],[-45,-42],[-47,-60],[-37,-16],[-8,10],[-63,41],[-117,100],[-106,-40],[-46,2],[-145,-32],[-73,-48],[-72,-143],[-10,-62],[-13,-22],[-53,-40],[-28,-14],[-18,-24],[-16,-48],[-18,-21],[-28,-58],[-75,-122],[-32,-72],[-67,-139],[-41,-73],[25,-65],[30,-141],[14,-95],[22,-89],[-16,-79],[-3,-46],[-68,-112],[-35,-50],[-85,-10],[-62,11],[-139,62],[-90,7],[-79,-16],[-71,12],[-90,29],[-81,13],[-74,36],[-70,65],[-97,-7],[-26,2],[-73,-11],[-87,0],[-19,7],[-45,-14],[-71,-10],[-117,-40],[-50,7],[-63,24],[-91,50],[-24,46],[-40,139],[13,57],[22,51],[-53,55],[-29,52],[12,30],[39,48],[49,30],[21,27],[22,95],[-23,63],[29,4],[35,-63],[35,-77],[46,-193],[40,-11],[114,60],[137,85],[135,49],[28,17],[19,39],[34,30],[33,-2],[24,32],[42,25],[-37,61],[13,39],[19,25],[22,57],[30,46],[37,27],[-20,90],[12,75],[0,74],[-15,41],[-26,42],[-6,78],[109,80],[50,46],[63,77],[-36,39],[-12,36],[7,102],[-28,30],[42,11],[26,-22],[89,115],[40,58],[38,43],[-26,135],[-40,69],[-37,43],[-41,58],[-60,146],[-15,101],[-77,64],[13,23],[32,-6],[27,17],[79,15],[48,4],[71,24],[15,53],[-9,71],[-20,47],[-107,70],[-32,25]],[[11082,17183],[15,7],[50,83],[47,57],[52,39],[34,35],[20,68],[-7,198],[-9,51],[29,-31],[0,-36],[74,-5],[36,12],[37,3],[46,-7],[54,-21],[36,-4],[46,3],[46,-11],[21,-24],[66,-45],[59,-21],[60,-8],[125,0],[32,6],[92,5],[99,10],[64,-11],[42,-36],[29,-37],[44,-37],[20,3],[74,-8],[55,-55],[25,-9],[45,-4],[85,11],[18,6],[29,39],[27,23],[115,79],[64,66],[44,29],[54,1],[-5,41],[12,39],[54,86],[40,10],[20,23],[20,81],[5,73],[44,98],[-9,88],[7,34],[88,24],[42,15],[91,-8],[50,11],[47,2],[37,23],[56,22],[27,25],[75,-10],[105,-42],[62,-10],[0,-16],[-32,-14],[-104,-78],[5,-65],[9,-39],[6,-80],[-11,-65],[16,-38],[12,-50],[26,-38],[12,-57],[-3,-45],[-18,-40],[-26,-33],[-14,-55],[24,-56],[66,-112],[-29,-75],[20,-74],[-3,-88],[-20,-40],[-5,-27],[-26,-52],[-125,-159],[-17,-27],[-17,-59],[7,-46],[-45,-191],[-68,-97],[-19,-62],[-25,-55],[-10,-37],[-90,-138],[-45,-97],[-18,-23],[-14,-45],[-16,-84],[-21,-44],[-38,-32],[-41,-45],[-76,-119]],[[13171,15635],[-17,-64],[-23,-61],[-103,-134],[-33,-78],[-11,-67],[-19,-70],[-41,-84],[-44,-51],[16,-101],[25,-68],[41,-57],[0,-25],[20,-42],[41,-181],[18,-51],[24,-49],[3,-87],[-59,-129],[-75,-84],[-95,-64],[-25,-80],[-23,-110],[-40,-115],[-152,-166],[-50,-141],[-55,-49],[-23,-32],[-65,-65],[-60,-1],[-15,14]],[[4734,10234],[-5,36],[20,106],[3,46],[-38,79],[-25,85],[4,57],[37,135],[-11,53],[17,83],[-2,41],[-18,81],[-33,64],[-38,28],[-168,136],[-109,117],[-81,26],[-60,36],[-64,13],[-38,32],[-35,-4],[-100,-32],[-111,76],[-72,-14],[-62,69],[-62,102],[-54,137],[-119,94],[67,119],[28,55],[-8,44],[13,37],[27,36],[-33,67],[-7,42],[21,140],[12,51],[9,79],[66,92],[16,38],[-2,24],[-26,59],[28,47],[38,46],[-4,35],[13,24],[-12,31],[-87,36],[-31,19],[-59,