{"type":"Topology","transform":{"scale":[0.00003527372663979536,0.00003323690812166828],"translate":[120.73965,22.45817]},"arcs":[[[12632,10795],[67,11],[45,39],[97,13],[31,-33],[46,-66],[5,-58],[14,-50],[-7,-11],[9,-58],[42,-104],[7,-44],[23,-51],[10,-92],[14,-51],[-2,-47],[-31,-53],[-41,-39],[-29,-47],[-47,-51],[-27,8],[-23,22],[-29,-2],[-44,12],[-36,-11],[-44,-28],[-32,-37],[-55,-42],[-72,-144],[-42,-157],[-1,-111],[3,-31],[-26,-33],[-46,6],[-39,-19],[2,-28],[23,-33],[7,-33],[-45,-33],[53,-10],[35,42],[18,-3],[-31,-56],[-1,-30],[-14,-45],[-59,-119],[-12,-38],[-33,-53],[-30,-35],[-47,-10],[-36,-32],[-31,16],[-44,-57],[-78,-37],[-87,-29],[5,-10],[48,4],[68,29],[-5,-22],[-58,-20],[-109,-30],[-40,-26],[-58,-57],[-46,-35],[-68,-62],[-26,-32],[-56,-56],[-34,-42],[-27,-20],[-35,-47],[-40,-41],[-28,-19],[-81,-72],[-115,-91],[-69,-78],[-15,-28],[-53,-73],[-88,-80],[-35,-7],[-16,-34],[-197,-131],[-42,-11],[-108,-52],[-113,-67],[-50,-55],[-23,-19],[-62,-30],[-179,-59],[-74,-10],[-102,-33],[-78,-35],[-60,-46],[-138,-63],[-69,-35],[-104,-64],[-58,-51],[-116,-86],[-38,-23],[-45,-42],[-26,2]],[[9299,6954],[-44,36],[-42,43],[-53,38],[-63,39],[-106,57],[-70,31],[-59,-4],[-51,16],[-55,48],[-80,43],[-41,10],[-107,-1],[-45,13],[-1,19],[-47,6],[-57,19],[-26,18],[-19,53]],[[8333,7438],[-78,111],[-55,38],[-56,52],[-18,28],[3,23],[45,-8],[16,-15],[44,5],[53,47],[46,51],[69,62],[78,42],[99,23],[17,41],[-18,68],[10,103],[14,27],[73,9],[47,35],[41,61],[3,53],[-5,65],[13,22],[33,20],[24,61],[-14,57],[31,66],[58,-4],[70,39],[-12,95],[-32,33],[-25,13],[-17,55],[2,42],[-13,27],[-13,63],[-15,26],[-84,113],[-7,39],[-12,11],[-71,-6],[15,34],[74,43],[44,6],[46,22],[6,17],[-35,49],[-20,54],[-66,-15],[-12,15],[38,81],[28,36],[90,-16],[59,31],[56,38],[49,19],[61,-1],[40,34],[66,-17],[124,0],[69,25],[57,43],[50,30],[44,6],[62,19],[19,40],[42,14],[96,-24],[53,30],[48,20],[178,-17],[76,-18],[82,-1],[76,34],[55,12],[-26,44],[-44,55],[-33,59],[-2,20],[-49,69],[-20,36],[5,20],[70,70],[122,92],[30,38],[130,85],[78,104],[64,50],[4,60],[15,31],[22,18],[-13,83],[24,55],[2,40],[19,50],[60,30],[54,-44],[61,21],[67,-16],[87,-50],[109,-34],[31,-54],[12,-69],[59,-111],[39,-88],[33,-109],[92,-36],[97,43],[113,-87],[76,26],[62,-26],[80,-69],[96,-36],[36,60],[25,70],[-12,55],[55,72],[60,33],[79,36],[77,44],[48,16],[82,52],[136,55],[-1,20],[34,36],[4,48],[15,45],[21,9]],[[12067,12353],[-41,-68],[-20,-64],[28,-31],[39,-7],[-20,-96],[-75,-125],[59,-31],[163,-62],[77,12],[57,40],[63,21],[7,-60],[69,-62],[44,22],[60,23],[93,6],[52,19],[75,-73],[22,-13],[-27,-113],[-43,-35],[-33,-88],[-2,-84],[29,-101],[62,-30],[43,-32],[7,-75],[20,-46],[44,-39],[-13,-61],[-76,-19],[-61,-20],[-67,-37],[-57,-20],[-5,-44],[28,-50],[-29,-57],[-7,-58]],[[8333,7438],[-85,-49],[-118,-62],[-126,-15],[-57,2],[-73,-6],[-86,9],[-75,4],[-70,37],[-35,0],[-30,-44],[-63,-80],[-78,32],[-65,-1],[-30,-36],[-69,14],[-2,-45],[9,-75],[-22,-39],[-68,16],[0,-51]],[[7190,7049],[-6,-44],[7,-76],[-15,-75],[-66,-73],[-54,-69],[-39,-28],[-49,53],[-91,-13],[-27,-42],[-3,-43],[-114,-16],[-66,-32],[-63,-18],[-77,-29],[-55,-36],[-70,-34],[-140,-13],[-45,6],[-83,-79],[-32,-51],[-59,-8],[-63,6],[-44,-43],[-47,-28],[-69,-30],[-26,-17],[-48,-79],[-49,-39],[-19,-36],[-30,-28],[-73,38],[-41,-38],[-36,-25],[-58,-21],[-64,6],[-52,-36],[-48,-5],[-53,6],[-56,-30],[-34,-67],[-89,-17],[-23,-30],[-22,1],[-24,41],[-20,59],[-26,-1],[-27,-32],[-45,-31],[-45,-16],[-41,3],[-94,32],[-31,-7],[-5,-28],[-50,-10],[-66,35],[-94,16],[-37,-5],[-39,-36],[-36,-9],[-57,4],[-35,23],[-28,-24],[-28,-43],[-41,-26],[-77,11],[-72,71],[-57,75],[-109,23],[-62,-26],[-47,35],[-57,86],[-129,-1],[29,59],[-8,70],[-67,6],[-68,1],[-65,33],[-75,15],[-54,-31],[-7,-61],[-41,-78],[-8,-36],[-47,6],[-13,-11],[-8,-41],[-21,-11],[-81,15],[-65,-14],[-97,41],[-41,1],[-63,-54],[-33,-17],[-30,-5],[-50,11],[-110,46],[-58,33],[-80,13],[-47,25],[-9,25],[8,38],[-10,44],[-31,38],[-35,-3],[-75,-23],[-29,1],[-73,14],[-71,-25],[-28,-2],[-56,37],[-28,9],[-60,-11],[-27,16],[-44,66],[-52,30],[-55,-15],[-88,17],[-73,34],[-93,61],[-75,29]],[[1308,6432],[123,200],[26,33],[57,89],[-6,78],[-32,70],[-15,58],[0,45],[172,-85],[270,8],[130,98],[175,-15],[57,137],[166,5],[63,49],[263,-15],[0,118],[64,88],[-2,74],[10,13],[82,35],[-2,46],[156,241],[216,-10],[67,-89],[130,45],[109,5],[60,-16],[44,-5],[92,21],[44,-1],[125,-25],[40,7],[162,159],[79,209],[14,44],[55,67],[24,67],[40,89],[16,81],[7,168],[19,69],[40,135],[25,64],[-7,68],[-20,53],[19,76],[14,93],[-39,87],[14,53],[98,39],[15,66],[50,43],[18,28],[7,61],[-9,56]],[[4633,9609],[27,-9],[58,16],[59,35],[54,39],[53,49],[23,14],[24,-7],[72,-59],[44,-31],[61,67],[30,46],[89,2],[77,24],[41,52],[77,14],[41,41],[-12,33],[-46,36],[13,41],[35,23],[70,-10],[156,18],[70,10],[-4,72],[11,79],[42,71],[48,31],[61,-38],[44,-50],[50,-38],[47,-24],[87,-24],[6,80],[24,64],[18,21],[110,24],[97,79],[57,4],[110,68],[87,100],[24,66],[47,89],[57,72],[208,238],[29,63],[55,97],[40,49],[75,135],[56,16],[81,-5],[87,16],[165,-29],[76,-4],[90,-40],[77,12],[117,97],[62,55],[56,21],[96,19],[76,0],[85,60],[78,35],[99,17],[76,1],[95,45],[47,57],[81,52],[46,73],[20,44],[87,35],[20,63],[59,26],[103,4],[88,12],[81,32],[93,8],[44,59],[23,95],[39,85],[18,82],[3,83],[43,17],[102,73],[61,63],[21,108],[7,104],[16,104],[16,68],[-5,50],[28,107],[19,-44],[104,-70],[67,-37],[48,-44],[67,-47],[70,-19],[164,-9],[52,-19],[49,-8],[74,24],[46,-2],[78,-20],[52,-22],[75,-14],[77,4],[53,10],[77,-19],[73,-30],[58,2],[83,-22],[73,9],[61,20],[65,-7],[70,-27],[106,-71],[83,-47],[45,-20],[17,-72],[-23,-56],[39,-50],[104,-39],[66,-54],[94,21],[89,-69]],[[12889,14377],[-89,53],[-33,7],[-74,3],[-63,-19],[-53,-31],[-44,-38],[-45,-53],[-44,-4],[-62,36],[-114,88],[-104,-36],[-45,3],[-142,-29],[-72,-43],[-70,-126],[-9,-54],[-14,-20],[-78,-48],[-18,-21],[-16,-42],[-17,-19],[-28,-51],[-74,-107],[-96,-187],[-40,-64],[24,-58],[30,-124],[13,-84],[22,-79],[-16,-69],[-3,-42],[-66,-98],[-35,-44],[-83,-9],[-60,10],[-136,54],[-89,7],[-77,-15],[-70,11],[-88,26],[-78,11],[-73,32],[-69,58],[-120,-5],[-72,-10],[-85,0],[-18,7],[-45,-13],[-68,-9],[-115,-35],[-49,6],[-61,22],[-90,43],[-24,41],[-39,123],[13,50],[22,45],[-52,49],[-29,45],[13,27],[37,42],[49,27],[20,24],[21,84],[-23,55],[29,4],[34,-56],[35,-68],[45,-170],[39,-10],[111,53],[134,75],[133,43],[27,16],[18,34],[34,27],[32,-3],[24,29],[41,23],[-37,53],[13,34],[19,22],[21,51],[30,41],[36,23],[-19,79],[11,67],[0,65],[-40,74],[-6,69],[107,71],[49,40],[61,68],[-35,34],[-11,32],[7,90],[-28,26],[41,10],[26,-19],[87,102],[38,50],[38,39],[-25,119],[-40,61],[-76,89],[-59,128],[-14,90],[-75,56],[12,21],[31,-6],[27,15],[77,13],[47,4],[69,21],[16,47],[-9,62],[-20,42],[-105,62],[-32,22]],[[10844,15744],[15,6],[49,73],[46,51],[51,35],[34,30],[19,60],[-6,175],[-10,45]],[[11042,16219],[29,-27],[0,-32],[72,-4],[71,12],[46,-5],[53,-19],[80,-1],[45,-10],[20,-21],[64,-40],[59,-18],[59,-8],[122,1],[31,5],[187,13],[62,-9],[41,-33],[29,-32],[42,-33],[93,-4],[53,-48],[70,-12],[100,15],[55,54],[113,70],[62,59],[43,25],[53,1],[-5,37],[12,34],[53,76],[38,9],[20,20],[20,71],[4,65],[43,86],[-8,79],[7,30],[87,20],[40,14],[89,-7],[95,11],[37,20],[54,20],[26,22],[74,-9],[103,-37],[60,-9],[-31,-26],[-102,-69],[20,-163],[-11,-57],[27,-78],[26,-33],[11,-51],[-3,-40],[-17,-35],[-26,-29],[-13,-49],[23,-49],[65,-98],[-28,-67],[19,-66],[-3,-77],[-24,-59],[-25,-46],[-123,-140],[-17,-24],[-16,-52],[7,-41],[-44,-168],[-67,-87],[-18,-54],[-15,-24],[-20,-57],[-88,-122],[-44,-86],[-18,-20],[-29,-114],[-21,-39],[-37,-28],[-40,-40],[-74,-105]],[[9299,6954],[-8,-15],[-70,-70],[-28,-43],[-95,-79],[-74,-88],[-68,-42],[-67,-27],[-92,-49],[-59,-18],[-60,-30],[-56,-22],[-49,-13],[-181,-108],[-65,-47],[-23,-80],[-67,-34],[-37,-74],[-60,-54],[-10,-68],[-68,-117],[-54,-111],[-17,-62],[-57,-100],[-14,-75],[-28,-81],[-80,-172],[-52,-186],[-21,-117],[-19,-62],[-17,-116],[3,-53],[-15,-60],[-3,-51],[-16,-61],[-10,-66],[8,-113],[-19,-143],[8,-76],[-20,-77],[-24,-63],[-39,-37],[-28,-56],[-34,-41],[-26,-47],[-68,-81],[-53,-47],[-94,-105],[-69,-50],[-84,-46],[-112,