{"type":"Topology","transform":{"scale":[0.00003519787194325199,0.00003407977783388022],"translate":[120.62736,22.47717]},"arcs":[[[4186,10571],[-17,-34],[-36,-4],[-37,-26],[-64,-33],[-57,-49],[-30,-9],[-74,7],[-61,-58],[-70,-20],[-43,12],[-239,-100],[-135,-46],[-80,-38],[-93,-24],[38,-243],[-211,-542],[-112,-57],[-71,-110],[8,-90],[-42,-106],[-101,-27],[-69,-119],[-250,-182],[39,-133],[52,-3],[56,-145],[27,-39],[5,-76],[31,-42],[0,-93],[27,-125],[-47,-70],[-9,-20],[0,-37],[-18,-6],[-19,18],[1,26],[-11,29],[-53,15],[-29,2],[-328,-89],[23,-169],[5,-50],[31,-58],[-26,-94],[22,-113],[-20,-78],[2,-28],[28,-21],[28,-7],[24,-16],[37,-38],[28,-48],[24,-33],[100,-25],[31,-35],[36,-58],[9,-48],[-72,-184],[-11,-73],[-160,-390],[20,-19]],[[2223,6300],[-52,13],[-98,49],[-42,-17],[-56,-2],[-49,25],[-19,46],[-26,49],[-64,25],[-87,-46],[-15,4],[-27,67],[-40,20],[-105,-15],[-27,20],[-16,34],[-51,45],[-32,81],[-22,14],[-89,-27],[-35,4],[-20,18],[-15,28],[-82,34],[-72,41],[-42,10],[-71,-59],[-22,14],[-1,26],[13,68],[-12,56],[-41,20],[-52,10],[-17,-14],[-15,-30],[-2,-28],[-15,-41],[-44,-39],[-23,-6],[-38,8],[-87,33],[-58,36],[-37,5],[-141,0],[-26,4],[-60,-1],[-65,-20],[-181,71],[237,115],[32,39],[2,50],[-13,74],[11,183],[9,40],[5,80],[-98,192],[-63,161],[-21,50],[-28,29],[-1,30],[30,156],[6,46],[17,84],[50,88],[169,128],[5,29],[67,38],[58,-8],[-14,50],[-29,15],[-59,18],[-77,9],[-18,-11],[-21,5],[1,21],[-103,93],[-63,40],[-51,-3],[-37,10],[-12,30],[25,75],[18,41],[2,47],[-30,88],[17,64],[0,21],[24,75],[43,12],[25,59],[-16,27],[-75,-3],[-18,61],[22,28],[-7,264],[-38,181],[3,24],[95,31],[25,120],[-61,20],[-31,2],[-50,-7],[-9,8],[16,60],[25,64],[56,53],[-20,26],[11,42],[-9,40],[-17,125],[-17,48],[17,46],[36,65],[1,52],[34,24],[15,20],[-9,13],[-44,24],[-21,2],[-29,73],[91,26],[55,28],[70,77],[56,100],[38,59],[13,72],[35,74],[43,54],[8,51],[18,32],[31,71],[20,55],[8,41],[-19,44],[-18,121],[5,34],[26,41],[29,5],[23,-18],[15,-52],[14,-12],[38,-1],[31,15],[63,92],[63,33],[22,0],[31,-15],[17,-32],[11,-44],[9,-88],[8,-49],[19,-66],[4,-43],[-17,-128],[21,-122],[31,-62],[131,-29],[82,12],[27,-39],[83,-41],[18,2],[115,35],[23,22],[35,132],[131,15],[79,37],[103,11],[30,33],[26,73],[225,194],[48,54],[32,77],[42,29],[55,20],[53,10],[54,-19],[45,4],[95,-14],[59,8],[74,18],[42,17],[32,-16],[92,-23],[47,-55],[46,-46],[97,-45],[156,-47],[158,-14],[43,-71],[29,-25],[35,-17],[0,-51],[14,-21],[39,-33],[69,-40],[19,-4],[62,14],[35,-14],[34,-52],[24,-28],[67,-46],[76,-89],[37,-75],[10,-47],[6,-91],[15,-28],[58,-25],[32,-47],[49,-51],[23,-18],[46,-73],[37,-26],[39,-88],[-4,-20]],[[4500,5714],[-2,-4],[9,-285],[-739,-968]],[[3768,4457],[-159,303],[-77,70],[-22,73],[-60,168],[-66,153],[40,9],[27,38],[34,102],[6,85],[0,42],[-6,36],[-59,55],[-48,84],[-12,36],[-31,36],[-23,38],[-12,105],[3,92],[-8,31],[-36,28],[-66,-5],[-22,26],[-20,8],[-69,-9],[-50,-1],[-36,-25],[-26,-6],[-34,4],[-5,45],[-25,19],[-53,8],[-56,-12],[-31,26],[-12,38],[-23,22],[-27,14],[-22,49],[-32,25],[-71,-34],[-21,-33],[-78,-52],[-52,-7],[-5,40],[-27,17],[-38,-3],[-54,43],[-34,40],[-47,22]],[[4186,10571],[69,-45],[28,-11],[41,7],[141,125],[83,15],[79,4],[51,43],[-16,103],[2,105],[41,68],[69,7],[89,-4],[53,-12],[315,175],[35,25],[10,42],[26,45],[43,27],[80,15],[44,43],[108,74],[61,9],[94,-22],[58,0],[41,-4],[36,-16],[51,-35],[78,-70],[46,-71],[12,-50],[33,-55],[15,-36],[23,-24],[130,-57],[20,21],[122,145],[73,-48],[53,-82],[71,-24],[7,-39],[-17,-63],[17,-13],[65,-21],[30,-79],[42,-62],[-21,-121],[7,-36],[33,-57],[-27,-32],[-13,-32],[8,-37],[-27,-48],[-66,-102],[116,-81],[54,-119],[60,-87],[61,-59],[71,12],[108,-66],[99,28],[34,3],[37,-28],[63,-11],[59,-31],[79,-22],[107,-101],[165,-117],[37,-24],[33,-55],[17,-70],[2,-36],[-16,-70],[10,-47],[-36,-116],[-4,-48],[25,-74],[36,-68],[-3,-39],[-19,-92],[14,-86],[-6,-58],[-19,-28],[-50,-42],[-15,-64],[-98,-38],[-14,-52],[39,-85],[-14,-91],[-19,-74],[20,-51],[7,-67],[-24,-62],[-42,-131],[-18,-67],[-7,-165],[-16,-79],[-40,-86],[-25,-66],[-54,-65],[-15,-43],[-79,-204],[-162,-155],[-40,-7],[-33,9],[-92,15],[-44,1],[-93,-20],[-44,5],[-60,15],[-109,-5],[-58,-21],[-73,-22],[-67,86],[-216,11],[-156,-236],[1,-45],[-81,-34],[-11,-13],[2,-72],[-64,-86],[0,-115],[-263,15],[-64,-47],[-166,-5],[-57,-135],[-175,15],[-130,-95],[-271,-8],[-173,83],[1,-44],[14,-56],[32,-69],[7,-76],[-57,-87],[-26,-32],[-124,-195]],[[4500,5714],[82,-32],[35,-26],[58,-33],[53,-25],[58,-16],[44,-5],[35,15],[20,-1],[58,-33],[42,-66],[30,-9],[46,10],[43,-12],[48,-34],[28,3],[72,24],[29,-2],[66,-13],[97,26],[26,-2],[25,-35],[10,-36],[-7,-45],[8,-23],[47,-25],[74,-10],[105,-54],[92,-32],[58,1],[27,12],[63,52],[40,6],[58,-20],[47,-23],[14,-1],[58,16],[74,-15],[21,11],[10,46],[11,4],[47,-6],[8,36],[42,75],[6,60],[55,30],[75,-14],[65,-32],[68,-1],[67,-7],[9,-67],[-30,-59],[60,0],[38,6],[31,-4],[57,-84],[47,-34],[62,25],[110,-22],[57,-74],[73,-69],[77,-11],[40,26],[29,41],[28,24],[35,-22],[57,-4],[36,8],[39,36],[37,4],[94,-15],[66,-34],[50,10],[6,27],[31,7],[35,-8],[59,-23],[41,-3],[44,15],[46,31],[27,31],[26,1],[20,-58],[24,-39],[23,-2],[22,29],[90,17],[34,65],[56,30],[53,-6],[48,5],[52,35],[64,-7],[59,21],[36,25],[40,37],[74,-37],[30,27],[19,35],[49,39],[26,35],[22,41],[26,17],[69,30],[48,26],[43,43],[63,-7],[60,9],[32,49],[83,77],[45,-6],[140,13],[70,33],[56,35],[77,29],[62,17],[67,32],[114,15],[4,42],[27,41],[90,12],[50,-51],[39,27],[54,67],[66,71],[15,74],[-11,130],[36,-47],[27,-50],[20,-49],[53,-55],[19,-55],[-54,-89],[5,-33],[81,-38],[31,-37],[49,-104],[-41,-44],[-86,-119],[-49,-40],[-106,-61],[-129,-25],[-77,-12],[-88,-3],[-50,-21],[-23,-25],[-40,-77],[-12,-54],[-70,-44],[-95,-78],[-35,-55],[-25,-60],[29,-51],[-7,-42],[12,-53],[46,-31],[60,-14],[52,24],[54,14],[62,-15],[58,7],[86,-7],[137,-67],[101,-4],[36,46],[14,44],[30,10],[102,-119],[-1,-45],[-7,-36],[68,-53],[32,-40],[24,-52],[-5,-29],[-38,-59],[-77,5],[-22,-65],[-27,-56],[-53,-1],[-46,36],[-31,41],[-30,28],[-43,28],[-53,1],[-74,-14],[-65,19],[-79,17],[-54,3],[-80,-23],[-28,-25],[-16,-60],[2,-35],[-8,-77],[-7,-26],[8,-66],[19,-76],[52,-149],[-54,-77],[-17,-116],[-17,-50],[-10,-145],[-17,-114],[-15,-23],[-20,-61],[-15,-29],[17,-52],[-17,-32],[-49,-12],[73,-108],[12,-42],[46,-78],[-18,-31],[-31,-27],[-51,-33],[-41,-40],[-97,-74],[-19,-11],[-68,-129],[-53,-48],[-35,4],[-33,-18],[-56,-66],[-33,-16],[-36,9],[-33,-4],[-201,-249],[-24,-2],[-64,107],[-9,3],[-68,-74],[-73,-76],[-40,-26],[-131,-56],[-29,-3],[-115,198],[0,29],[169,160],[-23,39],[-40,0],[-23,-12],[-109,-87],[-61,-19],[-43,-19],[-28,-20],[-71,-75],[-14,-52],[20,-77],[10,-78],[-7,-53],[10,-30],[39,-45],[23,-84],[-24,-71],[20,-78],[105,-62],[164,-160],[14,-67],[6,-109],[-68,-20],[-71,-5],[-61,-30],[-44,-34],[-89,-91],[-48,-7],[-70,4],[-107,36],[-60,4],[-53,-12],[-9,-40],[11,-49],[39,-42],[72,-54],[153,-137],[-37,-19],[-30,-26],[-88,-89],[-53,-41],[-70,-21],[-58,-6],[-46,-30],[-83,-16],[-68,-18],[-64,-26],[-66,-7],[-24,-35],[-94,-105],[-63,-41],[-76,-16],[-76,-9],[-132,-28],[-135,-46],[-54,27],[-36,38],[-39,18],[-41,-5],[-39,-32],[-92,-177],[-48,-74],[-56,-34],[-70,-27],[-115,-19],[-81,-18],[-28,-13],[-223,-31],[-51,-13],[-156,36],[-56,29],[-149,65],[-52,2],[-64,-11],[-67,23],[-124,6],[-73,26],[-134,77],[-77,69],[-69,4],[-85,43],[-64,39],[-79,43],[-195,63],[-58,24],[-58,9],[-76,-41],[-51,-48],[-40,43],[-42,60],[-70,58],[-21,39],[-44,53],[-64,33],[-68,17],[-102,22],[-68,11],[-66,60],[-11,22],[-40,38],[-13,5],[-53,50],[-129,627],[-11,96],[-13,47],[-20,31],[-94,99],[-130,219],[-39,159],[18,139],[-12,128],[16,108],[17,68],[69,31],[117,40],[33,37],[-1,199],[-64,122],[-24,166],[5,37],[202,246],[25,44],[10,71],[-19,170],[-19,69],[7,49],[16,63],[23,56],[66,126],[-2,26],[81,89],[25,35],[10,45],[-20,46]]],"objects":{"rukai_1956":{"type":"GeometryCollection","geometries":[{"arcs":[[0,1]],"type":"Polygon","properties":{"town":"三地鄉","rukai":0.6986}},{"arcs":[[2,3,-1,4]],"type":"Polygon","properties":{"town":"霧臺鄉","rukai":98.8871}},{"arcs":[[-3,5]],"type":"Polygon","properties":{"town":"金山鄉","rukai":1.7414}}]}},"crs":{"type":"name",