{"type":"Topology","transform":{"scale":[0.00003843821802399783,0.00003738207348860674],"translate":[120.63842,22.97603]},"arcs":[[[9915,12325],[-37,17],[-72,17],[-75,48],[-22,147],[3,26],[33,37],[53,39],[28,43],[10,81],[-28,45],[-149,149],[-39,54],[-76,-3],[-98,-16],[-88,15],[-147,54],[-65,10],[-152,65],[-41,50],[-88,-15],[-104,-4],[-89,9],[-43,47],[-40,24],[-89,-7],[-74,-17],[-55,-5],[-88,-19]],[[8283,13216],[-42,7],[-145,-61],[-85,13],[-66,28],[-104,77],[-120,26],[-55,-57],[-69,-4],[-102,60],[-110,38],[-212,20],[-47,26],[-37,3],[-74,-22],[-174,-8],[-96,2],[-139,-9],[-96,11],[-63,-12],[-73,-91],[-40,-87],[-55,-10],[-57,2],[-160,38],[-72,48],[-95,46],[-81,3],[-94,-9],[-108,-4],[-141,-16],[-146,8],[-114,-36],[-41,4],[-66,49],[-50,72],[-113,151],[-27,54],[-28,81],[-7,57],[-18,65],[12,82],[-48,115],[9,84],[-28,258],[-28,63],[-45,36],[-2,98],[21,50],[-17,47],[-53,48],[-72,87],[-41,60],[-26,62],[-104,167],[15,41],[-55,73],[-9,27],[46,58],[44,31],[7,31],[67,20],[-7,27],[76,73],[-48,78],[30,60],[76,53],[41,14],[23,46],[-4,59],[26,108],[4,46],[-14,64],[-26,52],[8,120],[29,36],[56,94],[35,31],[15,34],[-25,32],[-97,78],[-38,45],[-10,51],[-27,62],[27,51],[-16,52],[-95,27]],[[4593,16710],[-10,62],[90,24],[-11,60],[12,37],[95,43],[-8,23],[51,27],[32,42],[4,44],[-30,91],[-27,32],[-67,16],[-45,29],[-69,107],[5,62],[-10,50],[-29,55],[7,138],[-9,38],[1,65],[-85,74],[-93,49],[-83,84],[-77,61],[52,-5],[36,31],[34,47],[27,150],[-9,64],[21,59],[19,95],[0,55],[-24,52],[34,212],[27,18],[140,130],[50,56],[3,34],[23,30],[89,55],[79,32],[8,37],[40,68],[64,60],[21,54],[-29,38],[-11,33],[72,69],[28,37],[-4,29],[39,65],[116,-5],[61,45],[92,5],[42,50],[23,55],[30,36],[58,9],[38,16],[53,40],[106,47],[49,41],[106,51],[65,48],[54,26],[74,-18],[88,-77],[54,-14],[41,-40],[2,-25],[41,-33],[21,4],[63,67],[64,26],[109,81],[3,48],[-34,73],[-26,32],[-45,32],[-17,53],[-28,54],[-16,66],[1,79],[-98,82],[-13,51],[34,156],[8,67],[77,225],[-64,116],[-158,223],[-62,63],[26,37],[20,99],[126,-4],[171,37],[111,34],[80,11],[95,0],[98,-33],[99,-1],[75,13],[39,20],[18,113],[22,45],[70,15],[52,-7],[49,-22],[61,-51],[69,-32],[116,-7],[84,-29],[44,-29],[58,4],[44,45],[51,104],[-3,31],[12,99],[-16,20],[-59,18],[-23,109],[-2,70],[30,47],[-9,44],[-29,51],[24,70],[2,41],[-20,60],[0,149],[5,77],[-12,49],[4,49],[40,93],[14,60],[5,61],[56,38],[31,63],[11,49],[24,23],[46,5],[79,47],[73,-39],[52,62],[3,57],[-22,104],[63,-2],[39,-21],[-12,-50],[15,-22],[93,-70],[62,-30],[52,-38],[53,-66],[26,-72],[54,33],[64,72],[65,-25],[115,-75],[76,-34],[17,0],[49,43],[58,23],[58,-1],[64,-20],[58,-5],[43,30],[24,-40],[99,-51],[58,-65],[80,-113],[63,-112],[46,-37],[61,-7],[67,-31],[40,-50],[52,-34],[65,3],[142,-50],[141,-13],[26,-7],[179,-29],[104,-64],[96,-35],[151,-31],[81,2],[38,9],[126,-34],[48,-23],[140,-13],[48,2],[113,55],[78,6],[57,25],[119,15],[59,27],[83,22],[56,3],[134,-9],[66,25],[66,33],[212,70],[88,40],[34,75],[-3,59],[-31,80],[0,72],[14,62],[38,24],[51,4],[125,48],[146,27],[50,26],[50,5],[117,41],[116,94],[56,57],[76,36],[98,25],[46,39],[35,85],[17,101],[55,71],[12,36],[-1,54],[15,54],[34,-5],[58,-35],[78,-32],[119,-16],[77,-20],[160,-98],[67,-31],[39,-42],[61,-33],[54,-9],[57,-25],[48,-12],[94,-2],[53,5],[146,-27],[38,-47],[40,-27],[39,-8],[28,-42],[133,-46],[55,-28],[117,-106],[105,-39],[16,-20],[19,-67],[-31,-41],[-13,-60],[17,-55],[35,-76],[27,-139],[38,-40],[105,-27],[147,0],[56,-7],[-8,-90],[3,-49],[-17,-29],[-86,-38],[-54,-13],[-40,-34],[-28,-47],[1,-115],[-21,-48],[-4,-49],[13,-39],[11,-108],[32,-67],[77,-44],[19,-32],[-40,-37],[-24,-42],[-40,-35],[-54,-20],[-42,-32],[-80,-7],[-20,-35],[-120,-59],[-77,-56],[-130,-11],[-24,-31],[-38,-18],[-28,-38],[53,-40],[13,-85],[61,-48],[-65,-61],[2,-24],[70,-34],[71,-84],[41,-25],[80,-1],[72,-21],[39,-71],[34,-39],[43,8],[46,-26],[55,5],[138,-32],[-20,-44],[-61,-85],[-17,-111],[-1,-135],[23,-50],[3,-58],[67,-70],[74,-102],[49,13],[25,-51],[35,-11],[-31,-105],[55,-200],[-1,-142],[12,-49],[-10,-64],[8,-124],[-10,-38],[-43,-86],[32,-135],[-21,-59],[-55,-74],[-43,-29],[-21,-46],[-57,-65],[-15,-38],[13,-32],[64,-87],[20,-53],[8,-161],[-23,-110],[-69,-79],[-1,-49],[-40,-150],[-5,-71],[-59,-73],[-63,-116],[-66,-174],[7,-53],[52,-111],[-15,-55],[-83,-174],[-69,-90],[-47,-43],[-38,-198],[-40,-135],[-18,-46],[-32,-47],[-44,-9],[-112,-63],[-115,2],[-48,13],[-79,44],[-61,45],[-35,11],[-39,-43],[-32,-69],[-38,-41],[-40,-7],[-53,-36],[-37,-5],[-68,-43],[-34,-38],[-15,-148],[-29,-42],[-178,43],[-71,57],[-42,16],[-67,6],[-189,-28],[-102,16],[-14,-37],[-10,-73],[-22,-42],[1,-48],[17,-68],[-4,-54],[18,-60],[27,-26],[65,-32],[74,-9],[16,-63],[1,-94],[-18,-48],[-32,-42],[-50,-41],[-60,8],[-59,-7],[-29,-47],[-112,-100],[44,-38],[41,-107],[39,-50],[20,-42],[-12,-52],[-67,-105],[-26,-104],[3,-30],[37,-82],[49,-44],[25,-48],[-8,-15],[-119,-16],[-62,-30],[-61,-51],[-63,-40],[-45,-48],[-32,-49],[-16,-62],[-30,-41],[-65,-5],[-38,27],[-34,57],[-38,21],[-82,-17],[-141,94],[-73,-3],[-121,-55],[-114,-2],[-126,11],[-82,51],[-94,11],[-60,-70],[-38,-79],[-48,-33],[-155,-3],[-73,5],[-106,48],[-76,23],[-151,1],[-17,-26],[-51,-226],[-38,-79],[-42,-26],[-21,-54],[4,-56],[-43,-18],[-53,-42],[-129,-61],[-36,-40],[2,-37],[17,-63],[-11,-63],[-26,-21],[-65,-17],[-19,-36],[-15,-61],[-20,-37],[-58,-13],[-63,-78],[-13,-45],[-78,-56],[-11,-36],[50,-12],[101,-77],[42,-37],[79,-23],[28,-64],[32,-23],[106,-28],[48,-29],[4,-36],[-18,-32],[-37,-26],[-45,-64],[-28,-127],[-188,-30],[-44,-34],[-53,-14],[-165,-85],[-77,-75],[-53,-23],[-63,-41],[-230,-93]],[[8283,13216],[-31,-46],[-36,-32],[-50,-27],[-100,-36],[-88,-21],[-71,-7],[-108,16],[-48,-9],[-30,-38],[0,-102],[-42,-18],[-120,-23],[-38,-25],[-75,68],[-106,19],[-58,-15],[-73,-4],[-49,-14],[-121,-22],[-31,-39],[-78,-53],[-84,6],[-35,-27],[-15,-40],[-64,-23],[-24,-39],[-16,-57],[-33,-32],[-53,4],[-14,-21],[-16,-65],[-25,-37],[-28,-75],[-44,-78],[-40,-33],[-64,-8],[-116,-65],[-60,-6],[-50,-21],[-7,-25],[-35,-1],[-41,-41],[-87,-53],[-50,-3],[-23,-22],[-90,-18],[-42,2],[-41,22],[-18,-33],[-53,-54],[-50,21],[-122,-77],[-10,-35],[18,-95],[0,-54],[-33,-57],[-96,-111],[-1,-45],[-33,-49],[-92,-108],[-31,-49],[19,-28],[44,-19],[-46,-41],[-63,-14],[-31,-23],[1,-71],[-43,-34],[5,-58],[-48,14],[-64,-39],[-16,-69],[-2,-107],[9,-47],[-22,-58],[-56,-30],[-31,-78],[-61,12],[-78,-37],[-61,7],[-109,-41],[-129,-6],[-59,18],[4,-42]],[[4375,10495],[-4,-29],[-66,-2],[-54,-42],[-18,-104],[-78,-15],[-31,-83],[-21,-21],[-82,21],[-33,-29],[31,-69],[-46,-24],[-67,-14],[2,-131],[-18,-37],[-39,-4],[-29,-19],[-34,-63],[-36,-20],[-34,-2],[-47,23],[-95,21],[-35,-9],[-28,-36],[-32,-4],[-63,23],[-36,24],[-99,-67],[-41,17],[-59,48],[-47,0],[-21,-101],[-15,-21],[27,-118],[-53,-59],[-63,-33],[-44,-15],[1,-34],[39,-43],[-18,-35],[-77,-44],[-15,-39],[-39,-29],[-56,-11],[-47,7],[-102,-39],[-13,-59],[3,-48],[-107,-25],[-53,-37],[-19,-33],[-59,-51],[-6,-43],[7,-54],[-12,-62],[-57,13],[-63,37],[-126,36],[-124,-15],[-71,16],[-29,-4],[-101,-96],[-46,-37],[-44,-53],[-50,-136],[-14,-106],[32,-51],[10,-43],[-33,-56],[-54,-45],[-96,-25],[-76,0],[-67,22],[-58,32],[-102,32],[-98,13],[-71,27],[-61,-15],[-27,56],[-44,18],[-46,-24],[-40,9],[-55,62],[-68,26],[-81,-10],[-5,39],[-66,-4],[-31,28],[-40,-29],[-12,-38],[-37,-44],[-38,-16],[-36,12]],[[369,8453],[33,164],[-7,94],[5,85],[39,89],[40,51],[43,69],[10,276],[-25,74],[-44,93],[-2,48],[40,177],[46,62],[41,14],[40,53],[0,53],[-27,115],[-44,61],[-29,60],[0,39],[-38,62],[-77,39],[-23,-15],[-101,28],[-42,93],[-37,44],[-11,35],[12,57],[-29,119],[-33,61],[-40,38],[-8,40],[32,173],[-29,47],[1,112],[89,46],[28,106],[4,69],[-13,100],[81,14],[109,-37],[35,23],[0,61],[-17,40],[-48,49],[-11,47],[4,60],[111,-30],[44,-19],[47,18],[44,78],[47,117],[8,73],[23,42],[39,33],[50,103],[58,90],[43,44],[28,41],[23,76],[38,42],[47,28],[61,-7],[49,17],[0,45],[-32,37],[-47,36],[-52,91],[-37,38],[-22,57],[6,54],[23,30],[71,39],[65,12],[65,25],[67,13],[53,100],[38,29],[15,80],[-3,84],[61,51],[66,22],[11,22],[59,20],[87,-17],[42,14],[74,132],[14,44],[3,141],[82,206],[61,81],[21,44],[63,21],[78,56],