{"type":"Topology","transform":{"scale":[0.00003601291557043814,0.000035403046886555314],"translate":[120.63838,22.97598]},"arcs":[[[9824,24400],[-21,15],[-46,-32],[-62,6],[-68,20],[-62,2],[-62,-24],[-52,-46],[-18,0],[-81,36],[-123,79],[-69,26],[-69,-75],[-58,-35],[-27,76],[-57,70],[-56,40],[-66,31],[-99,74],[-16,24],[13,52],[-41,22],[-68,2],[23,-110],[-3,-60],[-56,-65],[-78,41],[-83,-49],[-50,-5],[-24,-24],[-13,-53],[-33,-66],[-59,-41],[-6,-64],[-15,-63],[-44,-98]],[[8175,24106],[-172,-15],[-63,4],[-66,-41],[-20,-3],[-129,15],[-27,-6],[-55,-29],[-14,-37],[15,-44],[-21,-72],[-64,-51],[-10,-76],[-67,-20],[-76,-100],[-98,2],[-49,26],[-46,12],[-62,-50],[-70,-47],[-59,-3],[-83,-14],[-96,16],[-91,74],[-36,13],[-68,-2],[-38,12],[-79,-13],[-22,8],[-45,51],[-47,40],[-18,75],[-22,31],[-18,57],[89,70],[34,40],[35,75],[43,113],[49,41],[25,38],[98,47],[26,21],[25,53],[-3,47],[-27,58],[-41,37],[-72,23],[-68,29],[-83,54],[1,20],[-49,41],[24,70],[0,29],[-19,38],[-4,39],[-18,25],[4,29],[62,71],[-16,76],[7,51],[50,47],[23,35],[1,26],[-54,15],[-4,30],[59,59],[14,53],[-23,48],[-54,41],[-4,25],[27,70],[2,68],[13,76],[13,28],[3,108],[64,128],[95,136],[31,58],[-13,35],[-18,195],[5,72],[-13,155],[8,103],[-8,43],[109,20],[42,-4],[45,-21],[17,8],[18,70],[81,50],[12,50],[52,61],[71,-19],[77,-58],[43,-75],[102,-8],[55,-89],[47,-36],[59,1],[66,39],[55,48],[94,56],[62,6],[75,-87],[148,-31],[27,-21],[37,27],[50,18],[37,54],[37,39],[89,63],[11,21],[48,-8],[127,62],[42,-25],[36,3],[29,-33],[115,30],[43,-18],[42,-54],[78,-39],[26,16],[45,48],[37,-13],[111,0],[32,-56],[-62,-16],[22,-113],[42,-25],[17,-40],[-7,-83],[14,-14],[72,5],[59,-68],[58,-42],[32,-49],[69,-15],[40,-61],[152,-112],[37,-55],[4,-52],[69,-83],[-2,-138],[-19,-69],[58,-175],[31,-51],[32,-86],[76,-103],[62,-70],[16,-62],[-17,-82],[-72,-196],[-23,-144],[-38,-79],[-24,-136],[-2,-143],[5,-47],[-4,-99]],[[10583,13015],[-39,17],[-77,18],[-81,51],[-22,155],[2,28],[36,38],[57,42],[29,46],[10,85],[-29,47],[-159,157],[-41,57],[-82,-2],[-104,-17],[-94,15],[-158,57],[-68,11],[-163,69],[-44,52],[-93,-15],[-112,-4],[-95,8],[-46,51],[-42,25],[-95,-7],[-79,-19],[-59,-5],[-65,-19],[-29,-1]],[[8841,13955],[-44,8],[-156,-65],[-90,14],[-71,29],[-110,82],[-128,27],[-59,-60],[-36,-10],[-39,6],[-108,63],[-117,40],[-99,8],[-128,14],[-50,27],[-39,3],[-80,-23],[-185,-8],[-102,1],[-149,-9],[-102,11],[-67,-12],[-78,-97],[-43,-91],[-59,-11],[-61,3],[-171,40],[-76,50],[-102,49],[-86,3],[-100,-10],[-115,-3],[-151,-17],[-156,8],[-122,-38],[-43,4],[-72,52],[-52,76],[-121,160],[-29,56],[-30,86],[-7,60],[-20,69],[14,87],[-52,121],[10,88],[-30,272],[-30,67],[-48,39],[-2,103],[22,53],[-18,49],[-57,51],[-77,92],[-43,63],[-27,66],[-112,176],[16,43],[-58,78],[-10,28],[49,61],[47,32],[7,33],[71,21],[-6,29],[81,77],[-51,83],[31,63],[82,56],[43,15],[25,48],[-4,62],[27,115],[4,48],[-14,68],[-28,55],[0,46],[12,54],[-4,27],[31,37],[60,100],[38,32],[16,37],[-27,33],[-104,82],[-40,48],[-11,53],[-28,67],[28,53],[-17,55],[-50,8],[-51,20]],[[4903,17644],[-11,67],[96,25],[-12,63],[13,39],[101,45],[-8,24],[54,29],[35,44],[4,47],[-32,96],[-29,34],[-72,17],[-47,30],[-74,113],[5,66],[-10,53],[-32,58],[0,68],[8,77],[-10,40],[1,69],[-91,79],[-99,51],[-88,89],[-83,64],[56,-6],[38,34],[36,49],[30,159],[-10,67],[22,62],[21,101],[0,58],[-26,55],[24,134],[-1,33],[13,57],[29,19],[150,137],[53,59],[3,36],[25,31],[32,14],[63,45],[85,34],[8,38],[42,72],[68,63],[23,57],[-31,41],[-11,35],[76,72],[30,40],[-5,31],[42,68],[66,-7],[58,2],[52,28],[13,19],[98,5],[45,53],[40,83],[17,13],[62,10],[41,16],[56,43],[113,49],[52,43],[113,55],[70,50],[57,28],[80,-19],[93,-82],[58,-14],[44,-43],[2,-26],[44,-35],[22,5],[68,70],[68,28],[116,85],[3,51],[-35,77],[-29,34],[-47,33],[-19,56],[-30,58],[-17,69],[2,84],[-105,86],[-14,54],[13,77],[23,88],[9,71],[82,237],[-69,122],[-169,236],[-65,67],[28,39],[21,104],[135,-4],[102,25],[80,14],[118,36],[85,12],[102,-1],[105,-35],[105,0],[80,13],[42,21],[19,120],[23,47],[75,16],[56,-7],[52,-23],[65,-54],[74,-34],[123,-7],[90,-31],[48,-31],[61,5],[47,48],[28,46],[26,64],[-3,31],[13,105],[-17,21],[-63,20],[-24,114],[-2,75],[31,49],[-9,46],[-31,54],[25,74],[3,44],[-22,63],[1,157],[5,82],[-13,51],[3,52]],[[9824,24400],[4,-27],[106,-54],[62,-68],[85,-120],[68,-119],[49,-38],[65,-7],[72,-34],[42,-52],[56,-36],[70,3],[151,-53],[151,-13],[27,-8],[191,-31],[111,-67],[102,-37],[85,-20],[77,-13],[86,2],[40,10],[135,-36],[51,-24],[149,-14],[52,3],[120,57],[84,7],[60,26],[128,16],[63,29],[89,23],[59,3],[143,-10],[71,26],[70,35],[227,74],[93,43],[37,79],[-3,62],[-33,84],[0,77],[14,65],[41,26],[54,4],[133,50],[156,28],[54,28],[53,6],[125,43],[124,99],[59,61],[82,37],[105,27],[49,41],[37,90],[18,106],[59,75],[13,39],[-1,56],[15,57],[36,-5],[63,-37],[83,-33],[127,-18],[82,-21],[107,-61],[64,-42],[71,-33],[42,-44],[65,-35],[58,-10],[61,-26],[51,-12],[100,-3],[57,5],[156,-28],[41,-49],[42,-29],[41,-9],[31,-44],[141,-49],[59,-29],[125,-113],[112,-40],[18,-21],[19,-71],[-32,-44],[-15,-63],[19,-57],[37,-81],[13,-82],[16,-65],[40,-42],[113,-28],[156,-1],[60,-7],[-8,-95],[2,-52],[-17,-30],[-92,-41],[-57,-13],[-43,-36],[-30,-50],[1,-121],[-23,-51],[-4,-52],[14,-41],[11,-114],[35,-71],[82,-47],[20,-33],[-43,-39],[-25,-45],[-42,-36],[-58,-22],[-45,-32],[-86,-9],[-21,-37],[-36,-21],[-92,-41],[-44,-39],[-38,-20],[-139,-11],[-25,-33],[-41,-19],[-30,-40],[57,-43],[13,-89],[66,-52],[-70,-64],[2,-25],[75,-36],[76,-89],[44,-26],[84,-1],[78,-22],[42,-75],[35,-41],[47,8],[49,-27],[58,5],[65,-18],[83,-16],[-21,-46],[-66,-89],[-18,-119],[-1,-141],[25,-54],[2,-61],[73,-74],[41,-63],[37,-44],[52,13],[27,-53],[37,-12],[-33,-111],[59,-211],[-4,-102],[16,-100],[-10,-68],[8,-130],[-10,-41],[-47,-91],[34,-141],[-22,-63],[-59,-78],[-45,-31],[-23,-48],[-61,-69],[-16,-41],[14,-33],[68,-92],[22,-55],[9,-171],[-26,-116],[-73,-83],[-2,-52],[-42,-158],[-5,-75],[-63,-78],[-67,-122],[-71,-184],[8,-55],[55,-118],[-16,-58],[-88,-183],[-74,-96],[-50,-45],[-24,-110],[-17,-99],[-42,-143],[-20,-48],[-34,-50],[-47,-10],[-119,-66],[-58,-3],[-66,5],[-50,13],[-85,47],[-65,48],[-38,12],[-40,-46],[-35,-73],[-40,-43],[-44,-7],[-56,-38],[-39,-6],[-73,-45],[-37,-41],[-15,-156],[-31,-45],[-190,46],[-76,61],[-45,17],[-72,6],[-68,-8],[-132,-22],[-110,18],[-14,-40],[-12,-77],[-23,-44],[2,-51],[18,-72],[-5,-57],[19,-63],[29,-27],[69,-35],[79,-9],[17,-66],[1,-100],[-19,-50],[-34,-44],[-53,-44],[-64,8],[-64,-7],[-30,-49],[-120,-106],[47,-40],[44,-114],[41,-52],[22,-44],[-13,-55],[-71,-112],[-29,-109],[4,-32],[40,-86],[52,-47],[26,-51],[-8,-15],[-127,-18],[-66,-31],[-65,-54],[-67,-42],[-49,-51],[-34,-51],[-17,-66],[-32,-43],[-69,-6],[-41,30],[-36,59],[-41,22],[-88,-18],[-149,100],[-34,5],[-44,-9],[-129,-58],[-122,-1],[-135,11],[-88,54],[-99,11],[-46,-61],[-19,-12],[-40,-84],[-52,-34],[-165,-4],[-78,6],[-113,50],[-82,25],[-160,0],[-19,-27],[-54,-238],[-40,-84],[-46,-28],[-22,-57],[4,-59],[-45,-19],[-57,-44],[-47,-27],[-91,-37],[-38,-43],[2,-39],[18,-66],[-12,-67],[-28,-22],[-68,-18],[-21,-39],[-16,-63],[-22,-40],[-61,-13],[-67,-82],[-15,-48],[-83,-59],[-11,-38],[53,-13],[108,-81],[45,-39],[84,-25],[30,-67],[34,-24],[113,-30],[51,-31],[5,-38],[-20,-33],[-39,-28],[-48,-67],[-30,-134],[-201,-32],[-47,-36],[-56,-15],[-176,-90],[-83,-78],[-56,-25],[-67,-43],[-246,-98]],[[8841,13955],[-33,-48],[-38,-34],[-53,-29],[-107,-38],[-95,-21],[-76,-8],[-114,17],[-51,-10],[-33,-40],[1,-108],[-45,-18],[-70,-17],[-59,-8],[-40,-26],[-80,72],[-113,20],[-62,-17],[-78,-4],[-52,-15],[-129,-23],[-34,-40],[-82,-56],[-91,6],[-37,-30],[-16,-41],[-69,-24],[-25,-42],[4,-20],[-21,-40],[-35,-33],[-57,4],[-15,-23],[-17,-68],[-27,-39],[-29,-79],[-25,-32],[-23,-51],[-42,-34],[-68,-9],[-124,-69],[-64,-5],[-54,-24],[-8,-25],[-37,-2],[-43,-42],[-43,-21],[-9,-19],[-41,-17],[-53,-3],[-25,-24],[-97,-18],[-44,1],[-44,24],[-18,-35],[-57,-56],[-54,22],[-130,-82],[-10,-37],[19,-101],[-1,-56],[-35,-61],[-102,-116],[-1,-48],[-35,-52],[-98,-114],[-33,-52],[20,-29],[47,-20],[-50,-44],[-67,-14],[-33,-25],[1,-74],[-46,-37],[6,-61],[-52,15],[-34,-13],[-34,-28],[-17,-73],[-2,-113],[9,-49],