{"type":"Topology","transform":{"scale":[0.000018988272811439724,0.00001666495638789129],"translate":[120.86648,24.44453]},"arcs":[[[10812,3248],[-26,36],[18,43],[57,65],[37,71],[-2,18],[-42,62],[-50,39],[-34,59],[-14,37],[-69,68],[-10,28],[14,71],[3,56],[11,56],[-11,50],[-43,120],[-2,86],[4,53],[-1,88],[-9,29],[-49,101],[-37,53],[-8,35],[3,53],[44,91],[28,33],[63,52],[104,76],[73,44],[75,25],[41,19],[99,37],[48,33],[19,27],[11,55],[15,106],[-1,79],[-38,73],[10,42],[39,39],[11,21],[12,55],[20,13],[21,53],[2,51],[12,30],[11,74],[-12,62],[-71,63],[-31,23],[-50,50],[-58,50],[-55,66],[-28,61],[-18,66],[-1,37],[-17,32],[-73,71],[-115,88],[-83,51],[-34,28],[-87,50],[-171,124],[-28,50],[8,54],[66,99],[57,64],[25,14],[33,33],[19,34],[60,52],[52,35],[90,31],[32,20],[11,24],[29,160],[17,123],[18,72],[14,107],[15,82],[52,95],[13,36],[23,94],[10,147],[9,89],[29,52],[20,21],[68,54],[36,40],[16,32],[30,143],[2,43],[10,29],[41,47],[91,59],[55,30],[21,21],[3,23],[-34,108],[6,141],[-12,50],[-11,95],[-20,61],[-20,31],[-87,107],[-143,141],[-36,46],[-10,23],[-15,109],[1,139],[-13,69],[-22,53],[-61,69],[-81,63]],[[10856,10089],[99,257],[32,52],[52,117],[20,31],[86,103],[54,101],[22,78],[56,106],[124,188],[28,19],[25,-4],[67,31],[15,48],[27,35],[48,22],[63,21],[34,25],[60,59],[27,106],[52,97],[69,75],[55,42],[71,49],[58,59],[32,5],[115,-20],[62,18],[34,18],[94,21],[62,21],[29,-5],[28,-54],[27,-88],[28,-35],[79,-37],[36,-26],[33,-12],[24,8],[106,64],[70,29],[125,28],[137,13],[41,14],[25,40],[38,94],[39,36],[56,26],[31,8],[89,8],[40,27],[9,88],[1,51],[37,47],[29,18],[84,73],[41,65],[26,27],[19,60],[-11,28],[-7,109],[-1,63],[13,46],[42,40],[80,58],[75,134],[21,78],[16,29],[79,71],[30,18],[92,74],[100,92],[22,5],[27,-9],[80,7],[62,-39],[46,38],[33,54],[35,33],[65,22],[25,39],[47,19],[44,36],[44,64],[40,43],[79,53],[29,2],[101,-121],[32,-15],[19,-22],[5,-102],[40,-17],[28,-3],[32,9],[61,33],[53,20],[118,-15],[115,3],[40,6],[104,6],[86,-2],[69,-18],[23,-30],[19,-48],[24,-147],[3,-73],[19,-62],[19,-16],[107,-30],[100,-21],[80,-29],[72,-5],[132,-29],[39,-27],[79,-83],[59,-85],[50,-57],[56,-56],[111,-159],[50,-80],[22,-22],[31,-50],[74,-54],[47,-29],[85,-30],[99,-19],[86,-4],[58,-7],[97,-21],[92,11],[68,2],[89,-20],[26,-10],[64,-45],[72,-69],[62,-77],[53,-25],[114,-80],[85,-82],[113,-101],[42,-28],[40,-45],[51,-36],[177,-111],[92,-33],[92,-17],[30,-10],[28,-30],[48,-66],[28,-60],[127,-171],[26,-56],[-9,-66],[-24,-78],[-39,-76],[20,-36],[32,-26],[99,-38],[25,-17],[35,-47],[36,-72],[52,-148],[19,-110],[-19,-57],[-44,-62],[-33,-27],[-20,-30],[-31,-22],[-32,-59],[-58,-57],[-69,-85],[-38,-32],[-28,-14],[-63,-51],[-52,-34],[-69,-56],[-59,-103],[-11,-37],[-58,-126],[-47,-48],[-27,-21],[-35,-14],[-36,-56],[-57,-97],[-35,-75],[-30,-47],[-21,-16],[-59,-29],[-126,-34],[-30,-2],[-96,-30],[-47,-43],[-48,-54],[-31,-52],[-35,-74],[-11,-80],[20,-50],[29,-29],[17,-35],[52,-61],[54,-71],[47,-81],[23,-24],[68,-116],[81,-86],[25,-35],[35,-29],[35,-43],[48,-22],[59,-14],[45,-42],[116,-74],[52,-13],[63,-25],[66,-47],[89,-43],[61,-16],[20,-18],[153,-44],[32,-24],[33,-50],[29,-79],[5,-188],[-4,-44],[-14,-67],[-31,-55],[-66,-81],[-104,-111],[-76,-46],[-78,-26],[-37,-24],[-37,-41],[-56,-93],[-33,-38],[-71,-57],[-37,-14],[-58,-10],[-34,-12],[-84,-4],[-69,-19],[-59,-22],[-29,-25],[-43,-21],[-45,-44],[-34,-54],[-79,-211],[-58,-68],[-9,-38],[-55,-79],[-26,-20],[-76,-3],[-116,25],[-99,12],[-24,-6],[-203,-62],[-69,-43],[-74,-110],[0,-50],[18,-38],[42,-68],[31,-33],[67,-41],[33,-26],[90,-37],[22,-19],[19,-67],[-28,-167],[-11,-32],[-20,-116],[-24,-59],[-23,-29],[-16,-40],[6,-90],[24,-41],[38,-24],[73,-25],[48,-85],[9,-47],[13,-20],[-3,-33],[-67,-122],[-39,-172],[-3,-31],[22,-62],[35,-50],[27,-74],[-225,-119],[-27,-29],[-88,-125],[-27,-27],[-32,-15],[-55,-7],[-154,11],[-30,-2],[-105,-39],[-59,-45],[-64,-22],[-76,-1],[-69,23],[-168,80],[-83,32],[-31,-2],[-25,-15],[-54,-70],[-63,-22],[-32,-22],[-60,-22],[-21,-16],[-101,-40],[-39,-10],[-56,-29],[-58,-36],[-38,-11],[-36,2],[-133,19],[-116,11],[-72,17],[-39,16],[-57,37],[-49,54],[-51,44],[-55,35],[-43,16],[-123,-9],[-48,-15],[-50,-24],[-80,8],[-37,-10],[-90,-2],[-127,91],[-245,42],[-90,-27],[-80,-54],[-49,0],[-95,-8],[-74,-1],[-101,-7],[-56,-18],[-83,40],[-22,18],[-136,81],[-87,34],[-247,-47],[-111,-25],[-35,-20],[-72,-52],[-50,-47],[-57,-68],[-25,-46],[-40,-59],[-74,-85],[-73,-64],[-86,-39],[-85,-12],[-105,-4],[-69,-36],[-156,-67],[-47,-65],[-39,-8],[-59,12],[-44,-1],[-68,-9],[-88,45],[-141,59],[-87,63],[-145,85],[-52,26],[-67,3],[-74,-40],[-65,-43],[-34,-30],[-48,-28],[-115,9],[-57,-9],[-249,-27]],[[10812,3248],[-25,-2],[-34,-57],[-68,-50],[-85,-47],[-67,-20],[-114,45],[-128,62],[-106,37],[-65,-3],[-130,3],[-73,-34],[-90,-32],[-92,1],[-89,7],[-105,-18],[-177,-74],[-96,8],[-87,-13],[-79,-50],[-69,-11],[-103,-54],[-107,-47],[-72,-38],[-52,-12],[-56,31],[-108,15],[-52,0],[-43,12],[-25,59],[-31,141],[4,57],[12,66],[0,51],[-10,51],[-71,95],[-40,31],[-47,14],[-64,29],[-8,130],[-31,110],[-37,45],[-105,52],[-76,28],[-30,20],[-59,26],[-42,27],[-53,19],[-38,26],[-36,5],[-46,-23],[-70,-44],[-79,-29],[-39,-11],[-189,-69],[-131,-157],[-25,-77],[-26,-61],[-19,-15],[-35,-54],[-37,-31],[-45,-10],[-117,5],[-84,9],[-103,-11],[-61,14],[-157,49],[-53,31],[-58,41],[-156,26],[-98,-80],[-81,-34],[-44,4],[-10,-8],[-54,26],[-122,26],[-163,87],[-72,43],[-127,69],[-69,61],[-137,91],[-31,19],[-129,128],[-94,100]],[[4892,4104],[-5,9],[-91,66],[-72,80],[-45,66],[-23,52],[-21,93],[5,89],[22,55],[2,41],[-41,78],[-97,67],[-46,26],[-104,76],[-43,46],[-11,40],[39,62],[35,33],[71,84],[88,144],[36,103],[-1,53],[27,109],[34,49],[4,87],[11,53],[-23,57],[-50,68],[12,30],[42,34],[26,37],[18,50],[12,86],[15,148],[10,62],[-7,51],[12,51],[21,42],[49,40],[109,141],[8,40],[76,68],[35,41],[27,46],[16,58],[18,48],[3,36],[45,82],[51,59],[49,47],[60,89],[97,114],[40,41],[17,72],[-23,58],[-7,63],[26,126],[47,162],[40,66],[13,71],[47,93],[38,66],[90,182],[38,95],[24,35],[32,67],[21,72]],[[5840,8659],[49,-20],[27,81],[16,60],[34,189],[16,54],[45,119],[27,61],[12,43],[26,56],[24,65],[21,83],[24,26],[47,105],[27,128],[-4,77],[-25,137],[0,73],[-6,54],[-64,87],[-26,21],[-32,101],[-7,49],[-32,39],[-9,30],[61,41],[-4,22],[-33,29],[-31,112],[-14,-3],[-32,23],[-51,-28],[-33,-43],[-43,-21],[-87,-31],[-43,13],[-24,23],[-10,39],[-39,42],[-51,34],[-62,51],[-83,33],[-23,17],[-55,12],[-30,-9],[-86,-74],[-52,-13],[-53,-23],[8,-94],[-49,-47],[-44,-52],[-52,-41],[-61,-35],[-65,2],[-46,11],[-30,18],[86,84],[24,37],[-13,103],[-26,53],[-17,55],[-10,72],[12,29],[30,26],[15,27],[5,37],[-10,95],[-14,43],[-43,39],[-38,11],[-38,29],[-9,48],[-58,27],[16,88],[38,58],[26,68],[6,87],[-34,83],[-45,40],[-25,0],[-12,30],[-50,0],[-77,8],[-36,63],[-59,51],[9,51],[-36,72],[-31,93],[-42,64],[-25,50],[20,21],[60,-11],[237,9],[42,-25],[71,-65],[58,-37],[99,-70],[30,-28],[51,-28],[66,-29],[52,-10],[48,-2],[42,20],[33,-7],[72,-45],[66,-17],[62,-4],[46,-13],[116,-64],[153,-35],[119,0],[142,-30],[59,-6],[31,20],[62,0],[108,-33],[73,-12],[40,5],[30,71],[11,48],[38,73],[53,49],[30,10],[35,-19],[78,-27],[63,-2],[24,-21],[24,-39],[41,-13],[44,15],[65,42],[33,63],[38,35],[74,16],[52,-13],[110,-40],[80,-25],[32,19],[26,35],[22,45],[9,42],[28,19],[92,5],[82,-45],[115,-95],[48,-44],[107,-29],[60,-8],[116,19],[128,37],[75,31],[72,-30],[46,-36],[19,-49],[6,-39],[-18,-42],[-4,-53],[11,-60],[22,-51],[38,-43],[44,-16],[64,-91],[35,-34],[62,-24],[85,-2],[35,-6],[39,-27],[86,-86],[56,-10],[79,3],[27,-22],[63,-95],[40,-75],[34,-24],[38,-1],[59,12],[33,1],[31,-35],[48,-104],[51,-31],[27,-49],[4,-24],[41,-68],[37,-82],[42,-54],[26,-23],[88,-25],[23,-17],[17,-42],[-2,-68],[7,-53],[32,-32],[26,8],[60,42],[56,69],[15,28],[74,20],[25,24],[19,36],[44,54],[12,24],[37,30],[25,9],[96,63],[42,13],[14,-22],[17,-63],[38,-69],[65,-49],[65,-152],[40,-69],[47,-39],[89,-60],[138,-65],[16,0]],[[4892,4104],[3,-4],[-84,-58],[-43,-4],[-72,-65],[-165,-101],[-46,-72],[-71,-74],[-108,-86],[-118,-72],[-117,-68],[-118,-59],[-215,-168],[-36,-80],[-97,-25],[-50,-19],[-63,7],[-77,26],[-46,32],[-32,11],