{"type":"Topology","transform":{"scale":[0.00001899017439168633,0.00001666862170087983],"translate":[120.86651,24.44454]},"arcs":[[[10810,3248],[-25,35],[16,43],[58,65],[38,71],[-2,19],[-43,62],[-50,38],[-33,60],[-15,37],[-43,47],[-26,20],[-10,29],[14,70],[3,56],[11,56],[-10,50],[-44,120],[-1,86],[4,53],[-2,88],[-8,29],[-50,101],[-37,53],[-7,35],[3,53],[13,36],[30,55],[28,33],[63,53],[105,75],[72,44],[76,25],[139,56],[48,33],[19,28],[12,55],[1,38],[12,67],[0,80],[-38,72],[11,43],[38,39],[12,20],[12,55],[20,12],[20,54],[2,51],[12,30],[11,75],[-12,61],[-70,63],[-32,23],[-50,50],[-59,52],[-53,64],[-29,62],[-18,64],[-1,38],[-17,32],[-73,71],[-115,87],[-83,51],[-34,29],[-86,50],[-171,124],[-29,50],[9,55],[66,98],[57,63],[24,14],[33,33],[19,35],[60,51],[53,35],[89,32],[33,20],[11,24],[29,160],[16,123],[19,72],[13,107],[15,81],[52,96],[13,35],[23,94],[10,148],[9,88],[29,52],[20,21],[69,54],[35,40],[16,32],[30,144],[2,42],[11,30],[40,46],[91,60],[55,30],[21,21],[3,22],[-34,108],[6,141],[-11,50],[-5,63],[-27,93],[-19,31],[-88,107],[-143,141],[-36,46],[-9,24],[-16,108],[1,139],[-13,69],[-21,53],[-61,69],[-81,63]],[[10855,10087],[99,257],[31,52],[53,117],[19,31],[86,103],[54,100],[22,78],[57,107],[66,103],[58,84],[27,20],[25,-4],[68,30],[14,48],[27,36],[111,42],[34,25],[60,59],[27,106],[44,83],[31,43],[47,47],[124,90],[59,60],[31,4],[116,-20],[62,19],[34,18],[94,20],[62,22],[28,-5],[29,-54],[27,-88],[28,-36],[80,-37],[35,-26],[33,-11],[24,8],[106,63],[70,30],[125,28],[137,12],[42,15],[24,39],[38,95],[39,35],[56,26],[31,8],[90,9],[39,26],[9,89],[1,50],[37,48],[29,18],[84,73],[41,64],[26,27],[20,61],[-12,28],[-7,108],[0,63],[12,46],[42,41],[80,57],[74,134],[22,78],[17,29],[78,71],[31,18],[91,74],[100,92],[21,5],[27,-9],[81,7],[62,-39],[46,38],[33,54],[34,33],[66,23],[25,39],[46,18],[45,37],[44,63],[40,43],[79,53],[29,2],[80,-94],[20,-27],[32,-15],[20,-22],[5,-102],[39,-17],[29,-3],[31,9],[61,33],[54,20],[118,-15],[114,3],[40,6],[105,6],[86,-2],[68,-18],[24,-30],[19,-47],[24,-148],[2,-73],[19,-62],[19,-16],[107,-30],[100,-20],[81,-30],[72,-5],[132,-29],[39,-27],[78,-82],[60,-85],[50,-58],[55,-55],[111,-160],[51,-80],[22,-22],[30,-50],[74,-54],[47,-29],[86,-29],[49,-11],[87,-11],[106,-9],[97,-21],[93,12],[67,2],[89,-20],[26,-10],[64,-45],[72,-70],[62,-76],[54,-26],[49,-31],[65,-48],[84,-82],[113,-101],[42,-29],[40,-45],[51,-36],[177,-110],[92,-34],[92,-17],[30,-10],[29,-29],[47,-67],[28,-59],[127,-171],[26,-57],[-8,-65],[-25,-77],[-39,-77],[20,-36],[32,-26],[99,-38],[25,-17],[35,-48],[36,-71],[44,-120],[19,-81],[8,-58],[-19,-56],[-44,-62],[-33,-27],[-20,-29],[-31,-24],[-32,-58],[-22,-27],[-36,-30],[-69,-85],[-38,-32],[-28,-14],[-63,-51],[-83,-57],[-38,-33],[-59,-103],[-11,-38],[-58,-125],[-46,-48],[-28,-21],[-35,-14],[-93,-152],[-20,-48],[-45,-74],[-21,-17],[-59,-29],[-125,-33],[-31,-3],[-96,-29],[-47,-44],[-47,-54],[-32,-52],[-35,-74],[-10,-79],[20,-51],[29,-29],[17,-34],[52,-62],[53,-71],[47,-80],[23,-24],[68,-117],[81,-86],[26,-34],[34,-30],[35,-43],[49,-22],[59,-13],[44,-43],[117,-74],[51,-13],[63,-25],[66,-46],[89,-44],[61,-15],[20,-18],[153,-45],[32,-23],[33,-50],[29,-79],[1,-150],[5,-39],[-5,-43],[-14,-67],[-31,-55],[-66,-81],[-103,-112],[-77,-46],[-36,-16],[-42,-9],[-37,-24],[-37,-41],[-56,-93],[-32,-38],[-72,-57],[-37,-14],[-58,-9],[-34,-14],[-84,-4],[-69,-18],[-59,-22],[-29,-25],[-42,-22],[-46,-43],[-33,-55],[-79,-211],[-59,-67],[-9,-38],[-55,-78],[-25,-21],[-77,-3],[-116,24],[-98,12],[-25,-5],[-203,-62],[-68,-42],[-75,-111],[1,-50],[17,-38],[42,-68],[32,-33],[67,-41],[32,-26],[90,-37],[23,-19],[19,-66],[-28,-167],[-11,-33],[-21,-116],[-24,-59],[-23,-29],[-16,-40],[6,-89],[25,-41],[37,-25],[73,-25],[49,-85],[9,-46],[13,-21],[-3,-33],[-68,-122],[-39,-172],[-3,-31],[23,-61],[34,-50],[27,-74],[-225,-120],[-27,-29],[-88,-124],[-27,-28],[-31,-15],[-55,-6],[-155,11],[-30,-2],[-105,-40],[-58,-45],[-65,-21],[-65,-3],[-79,24],[-168,81],[-84,31],[-31,-1],[-24,-15],[-55,-71],[-62,-22],[-32,-21],[-61,-22],[-21,-17],[-101,-39],[-38,-11],[-114,-64],[-38,-11],[-285,32],[-73,17],[-39,16],[-56,37],[-49,54],[-51,44],[-56,34],[-42,16],[-123,-9],[-48,-15],[-50,-24],[-80,9],[-37,-11],[-90,-2],[-127,92],[-245,41],[-90,-27],[-80,-53],[-49,0],[-95,-9],[-175,-8],[-56,-18],[-83,41],[-22,18],[-136,81],[-87,34],[-328,-64],[-65,-29],[-72,-52],[-50,-46],[-44,-50],[-78,-124],[-75,-85],[-72,-63],[-86,-39],[-85,-13],[-105,-3],[-69,-36],[-156,-68],[-46,-64],[-39,-9],[-59,13],[-113,-10],[-105,52],[-124,52],[-86,62],[-37,19],[-135,84],[-26,8],[-66,3],[-78,-42],[-61,-41],[-34,-29],[-48,-28],[-116,8],[-57,-9],[-249,-26]],[[10810,3248],[-25,-3],[-34,-56],[-68,-50],[-84,-48],[-68,-19],[-114,45],[-128,62],[-105,37],[-65,-3],[-130,3],[-74,-34],[-89,-32],[-92,1],[-89,6],[-105,-18],[-177,-74],[-96,8],[-88,-12],[-79,-51],[-68,-10],[-103,-54],[-108,-47],[-72,-38],[-51,-13],[-57,31],[-108,16],[-52,0],[-42,11],[-26,59],[-30,141],[4,57],[12,67],[0,50],[-10,52],[-71,94],[-41,32],[-76,25],[-34,18],[-8,129],[-32,111],[-37,45],[-104,52],[-76,27],[-30,21],[-59,25],[-43,28],[-52,19],[-38,26],[-36,4],[-46,-22],[-70,-45],[-79,-29],[-39,-10],[-189,-69],[-131,-158],[-25,-76],[-27,-62],[-18,-15],[-35,-54],[-37,-30],[-45,-10],[-117,5],[-84,8],[-103,-10],[-62,13],[-156,50],[-112,72],[-155,25],[-98,-79],[-81,-35],[-44,5],[-10,-9],[-54,27],[-123,26],[-162,86],[-71,43],[-128,69],[-69,61],[-168,110],[-129,128],[-94,101]],[[4891,4104],[-5,9],[-91,66],[-72,79],[-45,66],[-23,52],[-20,95],[4,87],[22,55],[3,41],[-42,78],[-97,67],[-46,26],[-104,76],[-43,46],[-11,40],[39,61],[66,68],[41,50],[87,143],[37,104],[-1,52],[27,110],[33,49],[5,87],[10,53],[-22,58],[-48,65],[9,31],[42,36],[26,36],[19,49],[12,86],[14,149],[10,62],[-6,51],[12,50],[21,42],[49,42],[108,140],[9,40],[76,69],[34,39],[28,46],[15,59],[18,48],[3,36],[45,81],[51,59],[48,48],[61,89],[97,114],[40,41],[17,72],[-23,57],[-6,64],[26,126],[46,161],[40,66],[13,72],[47,92],[37,66],[91,182],[37,95],[26,35],[31,67],[21,72]],[[5839,8657],[49,-20],[27,81],[15,61],[35,188],[15,54],[24,52],[22,67],[27,61],[13,43],[49,121],[22,83],[23,26],[46,104],[28,129],[-4,77],[-25,137],[0,73],[-6,54],[-64,87],[-26,21],[-32,100],[-8,50],[-31,39],[-9,30],[61,40],[-4,24],[-33,29],[-31,112],[-14,-4],[-32,24],[-51,-29],[-32,-43],[-44,-21],[-88,-31],[-42,13],[-23,22],[-11,41],[-38,40],[-49,33],[-65,53],[-83,33],[-24,16],[-54,12],[-30,-9],[-86,-73],[-51,-12],[-54,-24],[8,-94],[-49,-46],[-43,-54],[-53,-40],[-60,-35],[-66,2],[-46,10],[-30,18],[87,85],[23,37],[-13,103],[-26,53],[-17,55],[-10,71],[12,30],[31,26],[19,64],[-10,94],[-14,44],[-43,39],[-38,10],[-38,29],[-9,49],[-58,26],[16,89],[38,57],[27,69],[6,87],[-35,82],[-45,41],[-25,0],[-12,30],[-50,0],[-77,8],[-36,63],[-59,51],[10,51],[-36,72],[-32,93],[-42,64],[-30,69],[26,2],[60,-11],[236,8],[42,-25],[71,-64],[59,-37],[98,-71],[30,-28],[52,-28],[65,-28],[52,-10],[48,-2],[43,20],[32,-7],[72,-46],[66,-16],[62,-5],[45,-12],[59,-30],[59,-34],[152,-35],[119,0],[142,-31],[59,-5],[31,19],[61,0],[109,-32],[74,-12],[39,4],[30,72],[11,47],[38,74],[53,49],[28,10],[37,-19],[77,-28],[64,-1],[24,-21],[24,-39],[41,-13],[44,15],[65,41],[32,64],[39,34],[74,16],[52,-13],[110,-39],[80,-26],[32,20],[26,35],[22,45],[10,42],[27,19],[92,5],[82,-45],[107,-89],[56,-50],[106,-29],[61,-8],[123,21],[120,35],[76,30],[71,-29],[48,-36],[19,-50],[4,-38],[-17,-42],[-5,-54],[12,-59],[22,-51],[37,-44],[45,-15],[64,-91],[35,-35],[62,-24],[85,-1],[34,-6],[40,-27],[86,-86],[56,-10],[78,3],[27,-23],[63,-94],[41,-76],[34,-23],[38,-1],[59,12],[32,0],[31,-34],[48,-104],[51,-31],[28,-49],[4,-24],[41,-68],[37,-82],[41,-55],[26,-22],[89,-26],[23,-16],[17,-42],[-3,-68],[7,-54],[33,-31],[26,7],[60,44],[56,67],[14,29],[75,20],[24,23],[19,36],[44,54],[12,25],[38,29],[24,10],[96,62],[43,14],[13,-22],[17,-63],[38,-69],[66,-49],[65,-152],[39,-69],[48,-40],[88,-59],[139,-65],[16,0]],[[4891,4104],[-81,-62],[-43,-4],[-72,-66],[-165,-101],[-46,-71],[-71,-74],[-108,-86],[-118,-72],[-116,-68],[-118,-59],[-216,-168],[-36,-80],[-96,-25],[-51,-20],[-62,8],[-78,26],[-45,31],[-33,11],[-61,-65],[-37,-26],